idx,description,url,name,pageTitle,title,source_file
1,Shared Health Record (EN),http://en.info.shr.dghs.gov.bd/,index(1).html,Technical Details – Shared Health Record (EN),Shared Health Record (EN),links.json
2,Home,https://en.info.shr.dghs.gov.bd/,index.html,Technical Details – Shared Health Record (EN),,links.json
3,Dashboard,https://dashboard.dghs.gov.bd/pages/index.php,index.php,Technical Details – Shared Health Record (EN),,links.json
4,e-Appointment,https://eappointment.dghs.gov.bd/,index(2).html,Technical Details – Shared Health Record (EN),,links.json
5,Component,https://en.info.shr.dghs.gov.bd/technical-support/,technical-support.html,Technical Details – Shared Health Record (EN),,links.json
6,Hospital Management System,http://en.info.shr.dghs.gov.bd/hms/,hms.html,Technical Details – Shared Health Record (EN),,links.json
7,Unique Health ID,http://en.info.shr.dghs.gov.bd/uhidmci/,uhidmci.html,Technical Details – Shared Health Record (EN),,links.json
8,Health Information Exchange (HIE),http://en.info.shr.dghs.gov.bd/hie/,hie.html,Technical Details – Shared Health Record (EN),,links.json
9,Personal Health Profile (EHR),http://en.info.shr.dghs.gov.bd/phr/,phr.html,Technical Details – Shared Health Record (EN),,links.json
10,Security and Privacy,http://en.info.shr.dghs.gov.bd/secuirity/,secuirity.html,Technical Details – Shared Health Record (EN),,links.json
11,Technical Details,http://en.info.shr.dghs.gov.bd/technical-support/,technical-support(1).html,Technical Details – Shared Health Record (EN),,links.json
12,FHIR IG,https://fhir.dghs.gov.bd/,index(3).html,Technical Details – Shared Health Record (EN),,links.json
13,1. Introduction,https://docs.google.com/document/d/1WS5d7FnqGojGxjwnOa_7rocA3SRpmYfD/edit?usp=sharing&ouid=102023345072709742373&rtpof=true&sd=true,edit.html,Technical Details – Shared Health Record (EN),,links.json
14,2. Get Health ID,https://docs.google.com/document/d/1EkpbtP0JpaM0ZEDiSLYpyapVB0mHbK3V7T_wh1Tn8TQ/edit?tab=t.0,edit(1).html,Technical Details – Shared Health Record (EN),,links.json
15,3. Clinical Data Exchange,https://docs.google.com/document/d/1gkJrSH_q-I9CEQ32wUd_kDnf7IlLO_8_0PGkkdw_jNU/edit?tab=t.0,edit(2).html,Technical Details – Shared Health Record (EN),,links.json
16,Contact,http://en.info.shr.dghs.gov.bd/contact/,contact.html,Technical Details – Shared Health Record (EN),,links.json
17,Introduction,http://en.info.shr.dghs.gov.bd/technical-support/introduction/,introduction.html,Technical Details – Shared Health Record (EN),,links.json
18,Overall architecture,http://en.info.shr.dghs.gov.bd/technical-support/overall-architecture/,overall-architecture.html,Technical Details – Shared Health Record (EN),,links.json
19,HIE Components,http://en.info.shr.dghs.gov.bd/technical-support/hie-components/,hie-components.html,Technical Details – Shared Health Record (EN),,links.json
20,Identiy Provider,http://en.info.shr.dghs.gov.bd/technical-support/identiy-provider/,identiy-provider.html,Technical Details – Shared Health Record (EN),,links.json
21,Facility Registry,http://en.info.shr.dghs.gov.bd/technical-support/facility-registry/,facility-registry.html,Technical Details – Shared Health Record (EN),,links.json
22,Location Registry,http://en.info.shr.dghs.gov.bd/technical-support/location-registry/,location-registry.html,Technical Details – Shared Health Record (EN),,links.json
23,Provider Registry,http://en.info.shr.dghs.gov.bd/technical-support/provider-registry/,provider-registry.html,Technical Details – Shared Health Record (EN),,links.json
24,Concept Reference Term API,http://en.info.shr.dghs.gov.bd/technical-support/concept-reference-term-api/,concept-reference-term-api.html,Technical Details – Shared Health Record (EN),,links.json
25,How do you go about introduction of terminology?,http://en.info.shr.dghs.gov.bd/technical-support/how-do-you-go-about-introduction-of-terminology/,how-do-you-go-about-introduction-of-terminology.html,Technical Details – Shared Health Record (EN),,links.json
26,Integration with the Terminology Registry,http://en.info.shr.dghs.gov.bd/technical-support/integration-with-the-terminology-registry/,integration-with-the-terminology-registry.html,Technical Details – Shared Health Record (EN),,links.json
27,Terminology Registry,http://en.info.shr.dghs.gov.bd/technical-support/terminology-registry/,terminology-registry.html,Technical Details – Shared Health Record (EN),,links.json
28,Concept Class,http://en.info.shr.dghs.gov.bd/technical-support/concept-class/,concept-class.html,Technical Details – Shared Health Record (EN),,links.json
29,Local concepts vs TR Concepts,http://en.info.shr.dghs.gov.bd/technical-support/local-concepts-vs-tr-concepts/,local-concepts-vs-tr-concepts.html,Technical Details – Shared Health Record (EN),,links.json
30,Other standards,http://en.info.shr.dghs.gov.bd/technical-support/other-standards/,other-standards.html,Technical Details – Shared Health Record (EN),,links.json
31,Procedures,http://en.info.shr.dghs.gov.bd/technical-support/procedures/,procedures.html,Technical Details – Shared Health Record (EN),,links.json
32,Terminologies Standards,http://en.info.shr.dghs.gov.bd/technical-support/terminologies-standards/,terminologies-standards.html,Technical Details – Shared Health Record (EN),,links.json
33,Tests,http://en.info.shr.dghs.gov.bd/technical-support/tests/,tests.html,Technical Details – Shared Health Record (EN),,links.json
34,Valuesets,http://en.info.shr.dghs.gov.bd/technical-support/valuesets/,valuesets.html,Technical Details – Shared Health Record (EN),,links.json
35,Concept API,http://en.info.shr.dghs.gov.bd/technical-support/concept-api/,concept-api.html,Technical Details – Shared Health Record (EN),,links.json
36,Concept Feed API,http://en.info.shr.dghs.gov.bd/technical-support/concept-feed-api/,concept-feed-api.html,Technical Details – Shared Health Record (EN),,links.json
37,Medication API,http://en.info.shr.dghs.gov.bd/technical-support/medication-api/,medication-api.html,Technical Details – Shared Health Record (EN),,links.json
38,Medication Feed API,http://en.info.shr.dghs.gov.bd/technical-support/medication-feed-api/,medication-feed-api.html,Technical Details – Shared Health Record (EN),,links.json
39,Reference Terms API,http://en.info.shr.dghs.gov.bd/technical-support/reference-terms-api/,reference-terms-api.html,Technical Details – Shared Health Record (EN),,links.json
40,Reference Terms Feed API,http://en.info.shr.dghs.gov.bd/technical-support/reference-terms-feed-api/,reference-terms-feed-api.html,Technical Details – Shared Health Record (EN),,links.json
41,Terminology APIs,http://en.info.shr.dghs.gov.bd/technical-support/terminology-apis/,terminology-apis.html,Technical Details – Shared Health Record (EN),,links.json
42,Value Set API,http://en.info.shr.dghs.gov.bd/technical-support/value-set-api/,value-set-api.html,Technical Details – Shared Health Record (EN),,links.json
43,List of all MCI URLs,http://en.info.shr.dghs.gov.bd/technical-support/list-of-all-mci-urls/,list-of-all-mci-urls.html,Technical Details – Shared Health Record (EN),,links.json
44,Master Client Index,http://en.info.shr.dghs.gov.bd/technical-support/master-client-index/,master-client-index.html,Technical Details – Shared Health Record (EN),,links.json
45,MCI Admin UI,http://en.info.shr.dghs.gov.bd/technical-support/mci-admin-ui/,mci-admin-ui.html,Technical Details – Shared Health Record (EN),,links.json
46,Catchment Feed,http://en.info.shr.dghs.gov.bd/technical-support/catchment-feed/,catchment-feed.html,Technical Details – Shared Health Record (EN),,links.json
47,Create/Update,http://en.info.shr.dghs.gov.bd/technical-support/create-update/,create-update.html,Technical Details – Shared Health Record (EN),,links.json
48,DB Design,http://en.info.shr.dghs.gov.bd/technical-support/db-design/,db-design.html,Technical Details – Shared Health Record (EN),,links.json
49,Dedup,http://en.info.shr.dghs.gov.bd/technical-support/dedup/,dedup.html,Technical Details – Shared Health Record (EN),,links.json
50,Pending Approval,http://en.info.shr.dghs.gov.bd/technical-support/pending-approval/,pending-approval.html,Technical Details – Shared Health Record (EN),,links.json
51,Search,http://en.info.shr.dghs.gov.bd/technical-support/search/,search.html,Technical Details – Shared Health Record (EN),,links.json
52,Update Feed,http://en.info.shr.dghs.gov.bd/technical-support/update-feed/,update-feed.html,Technical Details – Shared Health Record (EN),,links.json
53,MCI Patient APIs,http://en.info.shr.dghs.gov.bd/technical-support/mci-patient-apis/,mci-patient-apis.html,Technical Details – Shared Health Record (EN),,links.json
54,MCI Patient Catchment Feed API,http://en.info.shr.dghs.gov.bd/technical-support/mci-patient-catchment-feed-api/,mci-patient-catchment-feed-api.html,Technical Details – Shared Health Record (EN),,links.json
55,MCI Patient Create Validations,http://en.info.shr.dghs.gov.bd/technical-support/mci-patient-create-validations/,mci-patient-create-validations.html,Technical Details – Shared Health Record (EN),,links.json
56,MCI Search API,http://en.info.shr.dghs.gov.bd/technical-support/mci-search-api/,mci-search-api.html,Technical Details – Shared Health Record (EN),,links.json
57,MCI Sub Services,http://en.info.shr.dghs.gov.bd/technical-support/mci-sub-services/,mci-sub-services.html,Technical Details – Shared Health Record (EN),,links.json
58,Update Patient API,http://en.info.shr.dghs.gov.bd/technical-support/update-patient-api/,update-patient-api.html,Technical Details – Shared Health Record (EN),,links.json
59,Catchment Encounters API,http://en.info.shr.dghs.gov.bd/technical-support/catchment-encounters-api/,catchment-encounters-api.html,Technical Details – Shared Health Record (EN),,links.json
60,Confidentiality,http://en.info.shr.dghs.gov.bd/technical-support/confidentiality/,confidentiality.html,Technical Details – Shared Health Record (EN),,links.json
61,fhir-extensions,http://en.info.shr.dghs.gov.bd/technical-support/fhir-extensions/,fhir-extensions.html,Technical Details – Shared Health Record (EN),,links.json
62,General Validations in SHR,http://en.info.shr.dghs.gov.bd/technical-support/general-validations-in-shr/,general-validations-in-shr.html,Technical Details – Shared Health Record (EN),,links.json
63,Shared Health Record,http://en.info.shr.dghs.gov.bd/technical-support/shared-health-record/,shared-health-record.html,Technical Details – Shared Health Record (EN),,links.json
64,SHR API Versions,http://en.info.shr.dghs.gov.bd/technical-support/shr-api-versions/,shr-api-versions.html,Technical Details – Shared Health Record (EN),,links.json
65,SHR Encounter API,http://en.info.shr.dghs.gov.bd/technical-support/shr-encounter-api/,shr-encounter-api.html,Technical Details – Shared Health Record (EN),,links.json
66,Configure and Schedule Reports for DHIS2,http://en.info.shr.dghs.gov.bd/technical-support/configure-and-schedule-reports-for-dhis2/,configure-and-schedule-reports-for-dhis2.html,Technical Details – Shared Health Record (EN),,links.json
67,DataSense,http://en.info.shr.dghs.gov.bd/technical-support/datasense/,datasense.html,Technical Details – Shared Health Record (EN),,links.json
68,Facility Information,http://en.info.shr.dghs.gov.bd/technical-support/facility-information/,facility-information.html,Technical Details – Shared Health Record (EN),,links.json
69,Manage Facilities,http://en.info.shr.dghs.gov.bd/technical-support/manage-facilities/,manage-facilities.html,Technical Details – Shared Health Record (EN),,links.json
70,Reporting for DHIS2,http://en.info.shr.dghs.gov.bd/technical-support/reporting-for-dhis2/,reporting-for-dhis2.html,Technical Details – Shared Health Record (EN),,links.json
71,Configuring a User for Patient Journal,http://en.info.shr.dghs.gov.bd/technical-support/configuring-a-user-for-patient-journal/,configuring-a-user-for-patient-journal.html,Technical Details – Shared Health Record (EN),,links.json
72,Patient Journal,http://en.info.shr.dghs.gov.bd/technical-support/patient-journal/,patient-journal.html,Technical Details – Shared Health Record (EN),,links.json
73,Getting started,http://en.info.shr.dghs.gov.bd/technical-support/getting-started/,getting-started.html,Technical Details – Shared Health Record (EN),,links.json
74,How to setup DataSense on Windows,http://en.info.shr.dghs.gov.bd/technical-support/how-to-setup-datasense-on-windows/,how-to-setup-datasense-on-windows.html,Technical Details – Shared Health Record (EN),,links.json
75,List of Services,http://en.info.shr.dghs.gov.bd/technical-support/list-of-services/,list-of-services.html,Technical Details – Shared Health Record (EN),,links.json
76,Troubleshooting,http://en.info.shr.dghs.gov.bd/technical-support/troubleshooting/,troubleshooting.html,Technical Details – Shared Health Record (EN),,links.json
77,Building services and components,http://en.info.shr.dghs.gov.bd/technical-support/building-services-and-components/,building-services-and-components.html,Technical Details – Shared Health Record (EN),,links.json
78,Environments,http://en.info.shr.dghs.gov.bd/technical-support/environments/,environments.html,Technical Details – Shared Health Record (EN),,links.json
79,Seed data set up,http://en.info.shr.dghs.gov.bd/technical-support/seed-data-set-up/,seed-data-set-up.html,Technical Details – Shared Health Record (EN),,links.json
80,Steps to set up go-agent,http://en.info.shr.dghs.gov.bd/technical-support/steps-to-set-up-go-agent/,steps-to-set-up-go-agent.html,Technical Details – Shared Health Record (EN),,links.json
81,Steps to setup Local Environments,http://en.info.shr.dghs.gov.bd/technical-support/steps-to-setup-local-environments/,steps-to-setup-local-environments.html,Technical Details – Shared Health Record (EN),,links.json
82,Cassandra,http://en.info.shr.dghs.gov.bd/technical-support/cassandra/,cassandra.html,Technical Details – Shared Health Record (EN),,links.json
83,LR Data Modelling (Deprecated),http://en.info.shr.dghs.gov.bd/technical-support/lr-data-modelling-deprecated/,lr-data-modelling-deprecated.html,Technical Details – Shared Health Record (EN),,links.json
84,Health ID Management,http://en.info.shr.dghs.gov.bd/technical-support/health-id-management/,health-id-management(1).html,Technical Details – Shared Health Record (EN),,links.json
85,Health ID Management,http://en.info.shr.dghs.gov.bd/technical-support/health-id-management/?seq_no=2,health-id-management.html,Technical Details – Shared Health Record (EN),,links.json
86,R1.0 HID Generation,http://en.info.shr.dghs.gov.bd/technical-support/r1-0-hid-generation/,r1-0-hid-generation.html,Technical Details – Shared Health Record (EN),,links.json
87,Fhir Upgrade,http://en.info.shr.dghs.gov.bd/technical-support/fhir-upgrade/,fhir-upgrade.html,Technical Details – Shared Health Record (EN),,links.json
88,Issues With FHIR Validations,http://en.info.shr.dghs.gov.bd/technical-support/issues-with-fhir-validations/,issues-with-fhir-validations.html,Technical Details – Shared Health Record (EN),,links.json
89,SHR Development,http://en.info.shr.dghs.gov.bd/technical-support/shr-development/,shr-development.html,Technical Details – Shared Health Record (EN),,links.json
90,Upgrading SHR,http://en.info.shr.dghs.gov.bd/technical-support/upgrading-shr/,upgrading-shr.html,Technical Details – Shared Health Record (EN),,links.json
91,AtomFeed Publication,http://en.info.shr.dghs.gov.bd/technical-support/atomfeed-publication/,atomfeed-publication.html,Technical Details – Shared Health Record (EN),,links.json
92,Family History Model,http://en.info.shr.dghs.gov.bd/technical-support/family-history-model/,family-history-model.html,Technical Details – Shared Health Record (EN),,links.json
93,Setup & configure Terminology Server,http://en.info.shr.dghs.gov.bd/technical-support/setup-configure-terminology-server/,setup-configure-terminology-server.html,Technical Details – Shared Health Record (EN),,links.json
94,API Management,http://en.info.shr.dghs.gov.bd/technical-support/api-management/,api-management.html,Technical Details – Shared Health Record (EN),,links.json
95,Atom Feed,http://en.info.shr.dghs.gov.bd/technical-support/atom-feed/,atom-feed.html,Technical Details – Shared Health Record (EN),,links.json
96,Creating an Observation Template,http://en.info.shr.dghs.gov.bd/technical-support/creating-an-observation-template/,creating-an-observation-template.html,Technical Details – Shared Health Record (EN),,links.json
97,Program Setup,http://en.info.shr.dghs.gov.bd/technical-support/program-setup/,program-setup.html,Technical Details – Shared Health Record (EN),,links.json
98,Reference Client Application for SHR,http://en.info.shr.dghs.gov.bd/technical-support/reference-client-application-for-shr/,reference-client-application-for-shr.html,Technical Details – Shared Health Record (EN),,links.json
99,Steps after new bahmni installation,http://en.info.shr.dghs.gov.bd/technical-support/steps-after-new-bahmni-installation/,steps-after-new-bahmni-installation.html,Technical Details – Shared Health Record (EN),,links.json
100,Steps to set up Mysql replication,http://en.info.shr.dghs.gov.bd/technical-support/steps-to-set-up-mysql-replication/,steps-to-set-up-mysql-replication.html,Technical Details – Shared Health Record (EN),,links.json
101,Steps to setup new Openmrs Order Type,http://en.info.shr.dghs.gov.bd/technical-support/steps-to-setup-new-openmrs-order-type/,steps-to-setup-new-openmrs-order-type.html,Technical Details – Shared Health Record (EN),,links.json
102,Health ID card Generation and Distribution,http://en.info.shr.dghs.gov.bd/technical-support/health-id-card-generation-and-distribution/,health-id-card-generation-and-distribution.html,Technical Details – Shared Health Record (EN),,links.json
103,Patients visit facility which is connected to internet,http://en.info.shr.dghs.gov.bd/technical-support/patients-visit-facility-which-is-connected-to-internet/,patients-visit-facility-which-is-connected-to-internet.html,Technical Details – Shared Health Record (EN),,links.json
104,User Workflows,http://en.info.shr.dghs.gov.bd/technical-support/user-workflows/,user-workflows.html,Technical Details – Shared Health Record (EN),,links.json
105,R2.4,http://en.info.shr.dghs.gov.bd/technical-support/r2-4/,r2-4.html,Technical Details – Shared Health Record (EN),,links.json
106,Release Notes,http://en.info.shr.dghs.gov.bd/technical-support/release-notes/,release-notes.html,Technical Details – Shared Health Record (EN),,links.json
107,FreeSHR-Playbooks,http://en.info.shr.dghs.gov.bd/technical-support/freeshr-playbooks/,freeshr-playbooks.html,Technical Details – Shared Health Record (EN),,links.json
108,Installing Cassandra,http://en.info.shr.dghs.gov.bd/technical-support/installing-cassandra/,installing-cassandra.html,Technical Details – Shared Health Record (EN),,links.json
109,Installing Health-Id Server,http://en.info.shr.dghs.gov.bd/technical-support/installing-health-id-server/,installing-health-id-server.html,Technical Details – Shared Health Record (EN),,links.json
110,Installing Identity Server,http://en.info.shr.dghs.gov.bd/technical-support/installing-identity-server/,installing-identity-server.html,Technical Details – Shared Health Record (EN),,links.json
111,Installing Terminology Registry Server,http://en.info.shr.dghs.gov.bd/technical-support/installing-terminology-registry-server/,installing-terminology-registry-server.html,Technical Details – Shared Health Record (EN),,links.json
112,Contact Us,https://en.info.shr.dghs.gov.bd/contact/,contact(1).html,Technical Details – Shared Health Record (EN),,links.json
113,Ministry of Health and Family Welfare,http://www.mohfw.gov.bd/,index(4).html,Technical Details – Shared Health Record (EN),,links.json
114,Directorate General of Health Services,https://dghs.gov.bd/,index(5).html,Technical Details – Shared Health Record (EN),,links.json
115,Ministry of Social Welfare,https://msw.gov.bd/,index(8).html,Technical Details – Shared Health Record (EN),,links.json
116,Department of Social Services,https://dss.gov.bd/,index(6).html,Technical Details – Shared Health Record (EN),,links.json
117,Neuro-Developmental Disability Protection Trust,http://www.nddtrust.gov.bd/,index(9).html,Technical Details – Shared Health Record (EN),,links.json
118,ICD 11-Bangladesh Implementation,https://icd11.dghs.gov.bd/,index(7).html,Technical Details – Shared Health Record (EN),,links.json
119,Data Privacy Policy,https://dghs.saizul.com/index.php/data-privacy-policy/,data-privacy-policy,Technical Details – Shared Health Record (EN),,links.json
120,Privacy Policy,https://dghs.saizul.com/index.php/privacy-policy/,privacy-policy,Technical Details – Shared Health Record (EN),,links.json
121,Terms & Condition,https://dghs.saizul.com/index.php/terms-condition/,terms-condition,Technical Details – Shared Health Record (EN),,links.json
122,Website Policy,https://dghs.saizul.com/index.php/website-policy/,website-policy,Technical Details – Shared Health Record (EN),,links.json
123,Cookie Policy,https://dghs.saizul.com/index.php/cookie-policy/,cookie-policy,Technical Details – Shared Health Record (EN),,links.json
124,Facebook-f,https://www.facebook.com/dghsbd/,dghsbd.html,Technical Details – Shared Health Record (EN),,links.json
125,Youtube,https://www.youtube.com/@misdghsbd,@misdghsbd.html,Technical Details – Shared Health Record (EN),,links.json
1,FHIR,http://hl7.org/fhir/R4/index.html,index(12).html,Table of Contents - Bangladesh Core FHIR Implementation Guide v0.4.2,,links.json
2,Home,https://fhir.dghs.gov.bd/core/0.4.2/index.html,index(10).html,Table of Contents - Bangladesh Core FHIR Implementation Guide v0.4.2,BD-Core-FHIR-IG Home Page,links.json
3,Table of Contents,https://fhir.dghs.gov.bd/core/0.4.2/toc.html,toc.html,Table of Contents - Bangladesh Core FHIR Implementation Guide v0.4.2,Table of Contents,links.json
4,Background,https://fhir.dghs.gov.bd/core/0.4.2/background.html,background.html,Table of Contents - Bangladesh Core FHIR Implementation Guide v0.4.2,Background and Context,links.json
5,Detailed Specification,https://fhir.dghs.gov.bd/core/0.4.2/spec.html,spec.html,Table of Contents - Bangladesh Core FHIR Implementation Guide v0.4.2,Detailed BD-Core-FHIR Specification,links.json
6,Instance Fragments,https://fhir.dghs.gov.bd/core/0.4.2/fragments.html,fragments.html,Table of Contents - Bangladesh Core FHIR Implementation Guide v0.4.2,Fragments,links.json
7,Artifact Index,https://fhir.dghs.gov.bd/core/0.4.2/artifacts.html,artifacts.html,Table of Contents - Bangladesh Core FHIR Implementation Guide v0.4.2,Artifacts Summary,links.json
8,Downloads,https://fhir.dghs.gov.bd/core/0.4.2/downloads.html,downloads.html,Table of Contents - Bangladesh Core FHIR Implementation Guide v0.4.2,Useful Downloads,links.json
9,SHR Dashboard,https://pdb.shrlive.dghs.gov.bd/,index.html,Table of Contents - Bangladesh Core FHIR Implementation Guide v0.4.2,,links.json
10,Learn More,https://en.info.shr.dghs.gov.bd/,index(11).html,Table of Contents - Bangladesh Core FHIR Implementation Guide v0.4.2,,links.json
11,Directory of published versions,https://fhir.dghs.gov.bd/core/history.html,history.html,Table of Contents - Bangladesh Core FHIR Implementation Guide v0.4.2,,links.json
12,Informative,http://hl7.org/fhir/R4/versions.html,versions.html,Table of Contents - Bangladesh Core FHIR Implementation Guide v0.4.2,Standard Status,links.json
13,3.2 Spec sub-page,https://fhir.dghs.gov.bd/core/0.4.2/spec2.html,spec2.html,Table of Contents - Bangladesh Core FHIR Implementation Guide v0.4.2,Spec sub-page,links.json
14,5 IG Change History,https://fhir.dghs.gov.bd/core/0.4.2/changes.html,changes.html,Table of Contents - Bangladesh Core FHIR Implementation Guide v0.4.2,IG Change History,links.json
15,6 Version History,https://fhir.dghs.gov.bd/core/0.4.2/history.html,history(1).html,Table of Contents - Bangladesh Core FHIR Implementation Guide v0.4.2,Version History,links.json
16,7.1 Patient Profile for Bangladesh,https://fhir.dghs.gov.bd/core/0.4.2/StructureDefinition-bd-patient.html,StructureDefinition-bd-patient.html,Table of Contents - Bangladesh Core FHIR Implementation Guide v0.4.2,Patient Profile for Bangladesh,links.json
17,7.2 BD Core Condition Profile (ICD-11),https://fhir.dghs.gov.bd/core/0.4.2/StructureDefinition-bd-condition.html,StructureDefinition-bd-condition.html,Table of Contents - Bangladesh Core FHIR Implementation Guide v0.4.2,BD Core Condition Profile (ICD-11),links.json
18,7.3 Encounter Profile for Bangladesh,https://fhir.dghs.gov.bd/core/0.4.2/StructureDefinition-bd-encounter.html,StructureDefinition-bd-encounter.html,Table of Contents - Bangladesh Core FHIR Implementation Guide v0.4.2,Encounter Profile for Bangladesh,links.json
19,7.4 Immunization Profile for Bangladesh,https://fhir.dghs.gov.bd/core/0.4.2/StructureDefinition-bd-immunization.html,StructureDefinition-bd-immunization.html,Table of Contents - Bangladesh Core FHIR Implementation Guide v0.4.2,Immunization Profile for Bangladesh,links.json
20,7.5 Bangladesh Laboratory Panel Observation,https://fhir.dghs.gov.bd/core/0.4.2/StructureDefinition-bd-lab-panel-observation.html,StructureDefinition-bd-lab-panel-observation.html,Table of Contents - Bangladesh Core FHIR Implementation Guide v0.4.2,Bangladesh Laboratory Panel Observation,links.json
21,7.6 Bangladesh Laboratory Report,https://fhir.dghs.gov.bd/core/0.4.2/StructureDefinition-bd-lab-report.html,StructureDefinition-bd-lab-report.html,Table of Contents - Bangladesh Core FHIR Implementation Guide v0.4.2,Bangladesh Laboratory Report,links.json
22,7.7 Bangladesh Laboratory Result Observation,https://fhir.dghs.gov.bd/core/0.4.2/StructureDefinition-bd-lab-result-observation.html,StructureDefinition-bd-lab-result-observation.html,Table of Contents - Bangladesh Core FHIR Implementation Guide v0.4.2,Bangladesh Laboratory Result Observation,links.json
23,7.8 Location of Immunization for Bangladesh,https://fhir.dghs.gov.bd/core/0.4.2/StructureDefinition-bd-location.html,StructureDefinition-bd-location.html,Table of Contents - Bangladesh Core FHIR Implementation Guide v0.4.2,Location of Immunization for Bangladesh,links.json
24,7.9 Medication Request Profile for Bangladesh,https://fhir.dghs.gov.bd/core/0.4.2/StructureDefinition-bd-medication-request.html,StructureDefinition-bd-medication-request.html,Table of Contents - Bangladesh Core FHIR Implementation Guide v0.4.2,Medication Request Profile for Bangladesh,links.json
25,7.10 Medication Profile for Bangladesh,https://fhir.dghs.gov.bd/core/0.4.2/StructureDefinition-bd-medication.html,StructureDefinition-bd-medication.html,Table of Contents - Bangladesh Core FHIR Implementation Guide v0.4.2,Medication Profile for Bangladesh,links.json
26,7.11 Bangladesh Observation Profile,https://fhir.dghs.gov.bd/core/0.4.2/StructureDefinition-bd-observation.html,StructureDefinition-bd-observation.html,Table of Contents - Bangladesh Core FHIR Implementation Guide v0.4.2,Bangladesh Observation Profile,links.json
27,7.12 Organization for Bangladesh,https://fhir.dghs.gov.bd/core/0.4.2/StructureDefinition-bd-organization.html,StructureDefinition-bd-organization.html,Table of Contents - Bangladesh Core FHIR Implementation Guide v0.4.2,Organization for Bangladesh,links.json
28,7.13 Practitioner for Bangladesh,https://fhir.dghs.gov.bd/core/0.4.2/StructureDefinition-bd-practitioner.html,StructureDefinition-bd-practitioner.html,Table of Contents - Bangladesh Core FHIR Implementation Guide v0.4.2,Practitioner for Bangladesh,links.json
29,7.14 Address for Bangladesh,https://fhir.dghs.gov.bd/core/0.4.2/StructureDefinition-bd-address.html,StructureDefinition-bd-address.html,Table of Contents - Bangladesh Core FHIR Implementation Guide v0.4.2,Address for Bangladesh,links.json
30,7.15 Patient Blood Group,https://fhir.dghs.gov.bd/core/0.4.2/StructureDefinition-bd-blood-group.html,StructureDefinition-bd-blood-group.html,Table of Contents - Bangladesh Core FHIR Implementation Guide v0.4.2,Patient Blood Group,links.json
31,7.16 Division,https://fhir.dghs.gov.bd/core/0.4.2/StructureDefinition-bd-divisions.html,StructureDefinition-bd-divisions.html,Table of Contents - Bangladesh Core FHIR Implementation Guide v0.4.2,Division,links.json
32,7.17 Upazilla,https://fhir.dghs.gov.bd/core/0.4.2/StructureDefinition-bd-upazillas.html,StructureDefinition-bd-upazillas.html,Table of Contents - Bangladesh Core FHIR Implementation Guide v0.4.2,Upazilla,links.json
33,7.18 ICD-11 Cluster Expression,https://fhir.dghs.gov.bd/core/0.4.2/StructureDefinition-icd11-cluster-expression.html,StructureDefinition-icd11-cluster-expression.html,Table of Contents - Bangladesh Core FHIR Implementation Guide v0.4.2,ICD-11 Cluster Expression,links.json
34,7.19 Language Extension,https://fhir.dghs.gov.bd/core/0.4.2/StructureDefinition-language.html,StructureDefinition-language.html,Table of Contents - Bangladesh Core FHIR Implementation Guide v0.4.2,Language Extension,links.json
35,7.20 Patient Nationality,https://fhir.dghs.gov.bd/core/0.4.2/StructureDefinition-nationality.html,StructureDefinition-nationality.html,Table of Contents - Bangladesh Core FHIR Implementation Guide v0.4.2,Patient Nationality,links.json
36,7.21 Bangladesh Occupations,https://fhir.dghs.gov.bd/core/0.4.2/StructureDefinition-occupation-bd.html,StructureDefinition-occupation-bd.html,Table of Contents - Bangladesh Core FHIR Implementation Guide v0.4.2,Bangladesh Occupations,links.json
37,7.22 Bangladesh Blood Group ValueSet,https://fhir.dghs.gov.bd/core/0.4.2/ValueSet-bd-blood-group-valueset.html,ValueSet-bd-blood-group-valueset.html,Table of Contents - Bangladesh Core FHIR Implementation Guide v0.4.2,Bangladesh Blood Group ValueSet,links.json
38,7.23 Bangladesh City Corperation ValueSet,https://fhir.dghs.gov.bd/core/0.4.2/ValueSet-bd-city-corporation-code-valueset.html,ValueSet-bd-city-corporation-code-valueset.html,Table of Contents - Bangladesh Core FHIR Implementation Guide v0.4.2,Bangladesh City Corperation ValueSet,links.json
39,7.24 Bangladesh ICD-11 MMS Condition ValueSet (Diagnosis and Finding),https://fhir.dghs.gov.bd/core/0.4.2/ValueSet-bd-condition-icd11-diagnosis-valueset.html,ValueSet-bd-condition-icd11-diagnosis-valueset.html,Table of Contents - Bangladesh Core FHIR Implementation Guide v0.4.2,Bangladesh ICD-11 MMS Condition ValueSet (Diagnosis and Finding),links.json
40,7.25 Nationality ValueSet,https://fhir.dghs.gov.bd/core/0.4.2/ValueSet-bd-country-list-valueset.html,ValueSet-bd-country-list-valueset.html,Table of Contents - Bangladesh Core FHIR Implementation Guide v0.4.2,Nationality ValueSet,links.json
41,7.26 Bangladesh district ValueSet,https://fhir.dghs.gov.bd/core/0.4.2/ValueSet-bd-district-code-valueset.html,ValueSet-bd-district-code-valueset.html,Table of Contents - Bangladesh Core FHIR Implementation Guide v0.4.2,Bangladesh district ValueSet,links.json
42,7.27 Bangladesh Division ValueSet,https://fhir.dghs.gov.bd/core/0.4.2/ValueSet-bd-division-code-valueset.html,ValueSet-bd-division-code-valueset.html,Table of Contents - Bangladesh Core FHIR Implementation Guide v0.4.2,Bangladesh Division ValueSet,links.json
43,7.28 BD Encounter Class Subset,https://fhir.dghs.gov.bd/core/0.4.2/ValueSet-bd-encounter-class-subset.html,ValueSet-bd-encounter-class-subset.html,Table of Contents - Bangladesh Core FHIR Implementation Guide v0.4.2,BD Encounter Class Subset,links.json
44,7.29 BD Encounter Status Subset,https://fhir.dghs.gov.bd/core/0.4.2/ValueSet-bd-encounter-status-subset.html,ValueSet-bd-encounter-status-subset.html,Table of Contents - Bangladesh Core FHIR Implementation Guide v0.4.2,BD Encounter Status Subset,links.json
45,7.30 Bangladesh Identifier Type,https://fhir.dghs.gov.bd/core/0.4.2/ValueSet-bd-identifier-type-valueset.html,ValueSet-bd-identifier-type-valueset.html,Table of Contents - Bangladesh Core FHIR Implementation Guide v0.4.2,Bangladesh Identifier Type,links.json
46,7.31 Bangladesh Immunization Reaction Value Set,https://fhir.dghs.gov.bd/core/0.4.2/ValueSet-bd-immunization-reaction-valueset.html,ValueSet-bd-immunization-reaction-valueset.html,Table of Contents - Bangladesh Core FHIR Implementation Guide v0.4.2,Bangladesh Immunization Reaction Value Set,links.json
47,7.32 Bangladesh Immunization Route Value Set,https://fhir.dghs.gov.bd/core/0.4.2/ValueSet-bd-immunization-route-valueset.html,ValueSet-bd-immunization-route-valueset.html,Table of Contents - Bangladesh Core FHIR Implementation Guide v0.4.2,Bangladesh Immunization Route Value Set,links.json
48,7.33 Bangladesh Immunization Site Value Set,https://fhir.dghs.gov.bd/core/0.4.2/ValueSet-bd-immunization-site-valueset.html,ValueSet-bd-immunization-site-valueset.html,Table of Contents - Bangladesh Core FHIR Implementation Guide v0.4.2,Bangladesh Immunization Site Value Set,links.json
49,7.34 Allowed Languages,https://fhir.dghs.gov.bd/core/0.4.2/ValueSet-bd-language-valueset.html,ValueSet-bd-language-valueset.html,Table of Contents - Bangladesh Core FHIR Implementation Guide v0.4.2,Allowed Languages,links.json
50,7.35 Bangladesh LOINC Answer Lists ValueSet,https://fhir.dghs.gov.bd/core/0.4.2/ValueSet-bd-loinc-answer-lists-valueset.html,ValueSet-bd-loinc-answer-lists-valueset.html,Table of Contents - Bangladesh Core FHIR Implementation Guide v0.4.2,Bangladesh LOINC Answer Lists ValueSet,links.json
51,7.36 Bangladesh LOINC Lab Panels ValueSet,https://fhir.dghs.gov.bd/core/0.4.2/ValueSet-bd-loinc-lab-panels-valueset.html,ValueSet-bd-loinc-lab-panels-valueset.html,Table of Contents - Bangladesh Core FHIR Implementation Guide v0.4.2,Bangladesh LOINC Lab Panels ValueSet,links.json
52,7.37 Bangladesh LOINC Lab Results ValueSet,https://fhir.dghs.gov.bd/core/0.4.2/ValueSet-bd-loinc-lab-results-valueset.html,ValueSet-bd-loinc-lab-results-valueset.html,Table of Contents - Bangladesh Core FHIR Implementation Guide v0.4.2,Bangladesh LOINC Lab Results ValueSet,links.json
53,7.38 Medication Dose Form Value Set,https://fhir.dghs.gov.bd/core/0.4.2/ValueSet-bd-medication-dose-form.html,ValueSet-bd-medication-dose-form.html,Table of Contents - Bangladesh Core FHIR Implementation Guide v0.4.2,Medication Dose Form Value Set,links.json
54,7.39 Bangladesh Medication ValueSet,https://fhir.dghs.gov.bd/core/0.4.2/ValueSet-bd-medication-valueset.html,ValueSet-bd-medication-valueset.html,Table of Contents - Bangladesh Core FHIR Implementation Guide v0.4.2,Bangladesh Medication ValueSet,links.json
55,7.40 Bangladesh Municipalities ValueSet,https://fhir.dghs.gov.bd/core/0.4.2/ValueSet-bd-municipalities-code-valueset.html,ValueSet-bd-municipalities-code-valueset.html,Table of Contents - Bangladesh Core FHIR Implementation Guide v0.4.2,Bangladesh Municipalities ValueSet,links.json
56,7.41 Bangladesh Occupations ValueSet,https://fhir.dghs.gov.bd/core/0.4.2/ValueSet-bd-occupations-valueset.html,ValueSet-bd-occupations-valueset.html,Table of Contents - Bangladesh Core FHIR Implementation Guide v0.4.2,Bangladesh Occupations ValueSet,links.json
57,7.42 Bangladesh Religions ValueSet,https://fhir.dghs.gov.bd/core/0.4.2/ValueSet-bd-religions-valueset.html,ValueSet-bd-religions-valueset.html,Table of Contents - Bangladesh Core FHIR Implementation Guide v0.4.2,Bangladesh Religions ValueSet,links.json
58,7.43 Route of Administration Value Set,https://fhir.dghs.gov.bd/core/0.4.2/ValueSet-bd-route-of-administration.html,ValueSet-bd-route-of-administration.html,Table of Contents - Bangladesh Core FHIR Implementation Guide v0.4.2,Route of Administration Value Set,links.json
59,7.44 Bangladesh Upazila ValueSet,https://fhir.dghs.gov.bd/core/0.4.2/ValueSet-bd-upazilla-code-valueset.html,ValueSet-bd-upazilla-code-valueset.html,Table of Contents - Bangladesh Core FHIR Implementation Guide v0.4.2,Bangladesh Upazila ValueSet,links.json
60,7.45 Bangladesh Vaccine Value Set,https://fhir.dghs.gov.bd/core/0.4.2/ValueSet-bd-vaccine-valueset.html,ValueSet-bd-vaccine-valueset.html,Table of Contents - Bangladesh Core FHIR Implementation Guide v0.4.2,Bangladesh Vaccine Value Set,links.json
61,7.46 DGDA Registered Drugs Value Set,https://fhir.dghs.gov.bd/core/0.4.2/ValueSet-dgda-registered-drugs.html,ValueSet-dgda-registered-drugs.html,Table of Contents - Bangladesh Core FHIR Implementation Guide v0.4.2,DGDA Registered Drugs Value Set,links.json
62,7.47 ICD-11 Substances Value Set,https://fhir.dghs.gov.bd/core/0.4.2/ValueSet-icd11-substances-valueset.html,ValueSet-icd11-substances-valueset.html,Table of Contents - Bangladesh Core FHIR Implementation Guide v0.4.2,ICD-11 Substances Value Set,links.json
63,7.48 Bangladesh Blood Group CodeSystem,https://fhir.dghs.gov.bd/core/0.4.2/CodeSystem-bd-blood-groups.html,CodeSystem-bd-blood-groups.html,Table of Contents - Bangladesh Core FHIR Implementation Guide v0.4.2,Bangladesh Blood Group CodeSystem,links.json
64,7.49 Nationality List,https://fhir.dghs.gov.bd/core/0.4.2/CodeSystem-bd-country-list.html,CodeSystem-bd-country-list.html,Table of Contents - Bangladesh Core FHIR Implementation Guide v0.4.2,Nationality List,links.json
65,7.50 Bangladesh Medication Dose Form CodeSystem,https://fhir.dghs.gov.bd/core/0.4.2/CodeSystem-bd-dose-form.html,CodeSystem-bd-dose-form.html,Table of Contents - Bangladesh Core FHIR Implementation Guide v0.4.2,Bangladesh Medication Dose Form CodeSystem,links.json
66,7.51 Bangladesh GeoCodes CodeSystem,https://fhir.dghs.gov.bd/core/0.4.2/CodeSystem-bd-geocodes.html,CodeSystem-bd-geocodes.html,Table of Contents - Bangladesh Core FHIR Implementation Guide v0.4.2,Bangladesh GeoCodes CodeSystem,links.json
67,7.52 Bangladesh Identifier Types,https://fhir.dghs.gov.bd/core/0.4.2/CodeSystem-bd-identifier-type.html,CodeSystem-bd-identifier-type.html,Table of Contents - Bangladesh Core FHIR Implementation Guide v0.4.2,Bangladesh Identifier Types,links.json
68,7.53 Bangladesh Immunization Reaction Code System,https://fhir.dghs.gov.bd/core/0.4.2/CodeSystem-bd-immunization-reaction.html,CodeSystem-bd-immunization-reaction.html,Table of Contents - Bangladesh Core FHIR Implementation Guide v0.4.2,Bangladesh Immunization Reaction Code System,links.json
69,7.54 Bangladesh Immunization Route Code System,https://fhir.dghs.gov.bd/core/0.4.2/CodeSystem-bd-immunization-route.html,CodeSystem-bd-immunization-route.html,Table of Contents - Bangladesh Core FHIR Implementation Guide v0.4.2,Bangladesh Immunization Route Code System,links.json
70,7.55 Bangladesh Immunization Site Code System,https://fhir.dghs.gov.bd/core/0.4.2/CodeSystem-bd-immunization-site.html,CodeSystem-bd-immunization-site.html,Table of Contents - Bangladesh Core FHIR Implementation Guide v0.4.2,Bangladesh Immunization Site Code System,links.json
71,7.56 Bangladesh Medication Codes,https://fhir.dghs.gov.bd/core/0.4.2/CodeSystem-bd-medication-code.html,CodeSystem-bd-medication-code.html,Table of Contents - Bangladesh Core FHIR Implementation Guide v0.4.2,Bangladesh Medication Codes,links.json
72,7.57 Bangladesh Occupations,https://fhir.dghs.gov.bd/core/0.4.2/CodeSystem-bd-occupations.html,CodeSystem-bd-occupations.html,Table of Contents - Bangladesh Core FHIR Implementation Guide v0.4.2,Bangladesh Occupations,links.json
73,7.58 Bangladesh Religions,https://fhir.dghs.gov.bd/core/0.4.2/CodeSystem-bd-religions.html,CodeSystem-bd-religions.html,Table of Contents - Bangladesh Core FHIR Implementation Guide v0.4.2,Bangladesh Religions,links.json
74,7.59 Bangladesh Vaccine Code System,https://fhir.dghs.gov.bd/core/0.4.2/CodeSystem-bd-vaccine-code.html,CodeSystem-bd-vaccine-code.html,Table of Contents - Bangladesh Core FHIR Implementation Guide v0.4.2,Bangladesh Vaccine Code System,links.json
75,7.60 DGDA Drug Registry Code System,https://fhir.dghs.gov.bd/core/0.4.2/CodeSystem-dgda-drug-registry.html,CodeSystem-dgda-drug-registry.html,Table of Contents - Bangladesh Core FHIR Implementation Guide v0.4.2,DGDA Drug Registry Code System,links.json
76,7.61 ICD-11 Mortality and Morbidity Statistics (MMS),https://fhir.dghs.gov.bd/core/0.4.2/CodeSystem-icd11-mms.html,CodeSystem-icd11-mms.html,Table of Contents - Bangladesh Core FHIR Implementation Guide v0.4.2,ICD-11 Mortality and Morbidity Statistics (MMS),links.json
77,7.62 ICD11MMSBangladesh,https://fhir.dghs.gov.bd/core/0.4.2/NamingSystem-icd11-mms-bd.html,NamingSystem-icd11-mms-bd.html,Table of Contents - Bangladesh Core FHIR Implementation Guide v0.4.2,ICD11MMSBangladesh,links.json
78,7.63 Example Encounter - BDEncounterExample,https://fhir.dghs.gov.bd/core/0.4.2/Encounter-BDEncounterExample.html,Encounter-BDEncounterExample.html,Table of Contents - Bangladesh Core FHIR Implementation Guide v0.4.2,Example Encounter - BDEncounterExample,links.json
79,7.64 Example Medication - BDMedicationExample,https://fhir.dghs.gov.bd/core/0.4.2/Medication-BDMedicationExample.html,Medication-BDMedicationExample.html,Table of Contents - Bangladesh Core FHIR Implementation Guide v0.4.2,Example Medication - BDMedicationExample,links.json
80,7.65 Example MedicationRequest - BDMedicationRequestExample,https://fhir.dghs.gov.bd/core/0.4.2/MedicationRequest-BDMedicationRequestExample.html,MedicationRequest-BDMedicationRequestExample.html,Table of Contents - Bangladesh Core FHIR Implementation Guide v0.4.2,Example MedicationRequest - BDMedicationRequestExample,links.json
81,7.66 Dhaka Medical College Hospital,https://fhir.dghs.gov.bd/core/0.4.2/Organization-BDOrganizationExample.html,Organization-BDOrganizationExample.html,Table of Contents - Bangladesh Core FHIR Implementation Guide v0.4.2,Dhaka Medical College Hospital,links.json
82,7.67 Example Patient - BDPatientExample,https://fhir.dghs.gov.bd/core/0.4.2/Patient-BDPatientExample.html,Patient-BDPatientExample.html,Table of Contents - Bangladesh Core FHIR Implementation Guide v0.4.2,Example Patient - BDPatientExample,links.json
83,7.68 Example Practitioner - BDPractitionerExample,https://fhir.dghs.gov.bd/core/0.4.2/Practitioner-BDPractitionerExample.html,Practitioner-BDPractitionerExample.html,Table of Contents - Bangladesh Core FHIR Implementation Guide v0.4.2,Example Practitioner - BDPractitionerExample,links.json
84,"Directorate General of Health Services (DGHS), Bangladesh",http://dghs.gov.bd/,index(13).html,Table of Contents - Bangladesh Core FHIR Implementation Guide v0.4.2,,links.json
85,FHIR 4.0.1,http://hl7.org/fhir/R4/,R4.html,Table of Contents - Bangladesh Core FHIR Implementation Guide v0.4.2,,links.json
86,QA Report,https://fhir.dghs.gov.bd/core/0.4.2/qa.html,qa.html,Table of Contents - Bangladesh Core FHIR Implementation Guide v0.4.2,,links.json
